path,filename,category,extension,size_kb,folder
C:\Users\wel\Desktop\OPV\wetransfer_famiglia-martiny_2025-11-14_1637\Famiglia Martiny\alberi genealogici\2025 - 10 - 17 alberi geneologici famiglia Martiny.pdf,2025 - 10 - 17 alberi geneologici famiglia Martiny.pdf,genealogy,.pdf,914.0888671875,alberi genealogici
C:\Users\wel\Desktop\OPV\wetransfer_famiglia-martiny_2025-11-14_1637\Famiglia Martiny\Album Foto\Album A\Album A_000.JPG,Album A_000.JPG,album_page,.jpg,6531.7216796875,Album A
C:\Users\wel\Desktop\OPV\wetransfer_famiglia-martiny_2025-11-14_1637\Famiglia Martiny\Album Foto\Album A\Album A_001.JPG,Album A_001.JPG,album_page,.jpg,12160.0,Album A
C:\Users\wel\Desktop\OPV\wetransfer_famiglia-martiny_2025-11-14_1637\Famiglia Martiny\Album Foto\Album A\Album A_006.JPG,Album A_006.JPG,album_page,.jpg,12256.0,Album A
C:\Users\wel\Desktop\OPV\wetransfer_famiglia-martiny_2025-11-14_1637\Famiglia Martiny\Album Foto\Album A\Album A_014.JPG,Album A_014.JPG,album_page,.jpg,12224.0,Album A
C:\Users\wel\Desktop\OPV\wetransfer_famiglia-martiny_2025-11-14_1637\Famiglia Martiny\Album Foto\Album A\Album A_017.JPG,Album A_017.JPG,album_page,.jpg,12192.0,Album A
C:\Users\wel\Desktop\OPV\wetransfer_famiglia-martiny_2025-11-14_1637\Famiglia Martiny\Album Foto\Album A\Album A_021.JPG,Album A_021.JPG,album_page,.jpg,12192.0,Album A
C:\Users\wel\Desktop\OPV\wetransfer_famiglia-martiny_2025-11-14_1637\Famiglia Martiny\Album Foto\Album A\Album A_023.JPG,Album A_023.JPG,album_page,.jpg,12608.0,Album A
C:\Users\wel\Desktop\OPV\wetransfer_famiglia-martiny_2025-11-14_1637\Famiglia Martiny\Album Foto\Album A\Album A_024.JPG,Album A_024.JPG,album_page,.jpg,12160.0,Album A
C:\Users\wel\Desktop\OPV\wetransfer_famiglia-martiny_2025-11-14_1637\Famiglia Martiny\Album Foto\Album A\Album A_038.JPG,Album A_038.JPG,album_page,.jpg,12000.0,Album A
C:\Users\wel\Desktop\OPV\wetransfer_famiglia-martiny_2025-11-14_1637\Famiglia Martiny\Album Foto\Album A\Album A_041.JPG,Album A_041.JPG,album_page,.jpg,11840.0,Album A
C:\Users\wel\Desktop\OPV\wetransfer_famiglia-martiny_2025-11-14_1637\Famiglia Martiny\Album Foto\Album A\Album A_047.JPG,Album A_047.JPG,album_page,.jpg,12000.0,Album A
C:\Users\wel\Desktop\OPV\wetransfer_famiglia-martiny_2025-11-14_1637\Famiglia Martiny\Album Foto\Album A\Album A_053.JPG,Album A_053.JPG,album_page,.jpg,12224.0,Album A
C:\Users\wel\Desktop\OPV\wetransfer_famiglia-martiny_2025-11-14_1637\Famiglia Martiny\Album Foto\Album A\Album A_055.JPG,Album A_055.JPG,album_page,.jpg,11968.0,Album A
C:\Users\wel\Desktop\OPV\wetransfer_famiglia-martiny_2025-11-14_1637\Famiglia Martiny\Album Foto\Album A\Album A_056.JPG,Album A_056.JPG,album_page,.jpg,11904.0,Album A
C:\Users\wel\Desktop\OPV\wetransfer_famiglia-martiny_2025-11-14_1637\Famiglia Martiny\Album Foto\Album A\Album A_059.JPG,Album A_059.JPG,album_page,.jpg,11936.0,Album A
C:\Users\wel\Desktop\OPV\wetransfer_famiglia-martiny_2025-11-14_1637\Famiglia Martiny\Album Foto\Album B\Album B_000 risvolto.JPG,Album B_000 risvolto.JPG,album_page,.jpg,13799.138671875,Album B
C:\Users\wel\Desktop\OPV\wetransfer_famiglia-martiny_2025-11-14_1637\Famiglia Martiny\Album Foto\Album B\Album B_000.JPG,Album B_000.JPG,album_page,.jpg,13003.7158203125,Album B
C:\Users\wel\Desktop\OPV\wetransfer_famiglia-martiny_2025-11-14_1637\Famiglia Martiny\Album Foto\Album B\Album B_001.JPG,Album B_001.JPG,album_page,.jpg,10438.4052734375,Album B
C:\Users\wel\Desktop\OPV\wetransfer_famiglia-martiny_2025-11-14_1637\Famiglia Martiny\Album Foto\Album B\Album B_005.JPG,Album B_005.JPG,album_page,.jpg,10427.919921875,Album B
C:\Users\wel\Desktop\OPV\wetransfer_famiglia-martiny_2025-11-14_1637\Famiglia Martiny\Album Foto\Album B\Album B_011.JPG,Album B_011.JPG,album_page,.jpg,10224.4384765625,Album B
C:\Users\wel\Desktop\OPV\wetransfer_famiglia-martiny_2025-11-14_1637\Famiglia Martiny\Album Foto\Album B\Album B_013.JPG,Album B_013.JPG,album_page,.jpg,10140.1171875,Album B
C:\Users\wel\Desktop\OPV\wetransfer_famiglia-martiny_2025-11-14_1637\Famiglia Martiny\Album Foto\Album B\Album B_028.JPG,Album B_028.JPG,album_page,.jpg,10239.3173828125,Album B
C:\Users\wel\Desktop\OPV\wetransfer_famiglia-martiny_2025-11-14_1637\Famiglia Martiny\Album Foto\Album B\Album B_035.JPG,Album B_035.JPG,album_page,.jpg,11111.3984375,Album B
C:\Users\wel\Desktop\OPV\wetransfer_famiglia-martiny_2025-11-14_1637\Famiglia Martiny\Album Foto\Album B\Album B_037.JPG,Album B_037.JPG,album_page,.jpg,10981.3212890625,Album B
C:\Users\wel\Desktop\OPV\wetransfer_famiglia-martiny_2025-11-14_1637\Famiglia Martiny\Album Foto\Album B\Album B_040.JPG,Album B_040.JPG,album_page,.jpg,8303.5615234375,Album B
C:\Users\wel\Desktop\OPV\wetransfer_famiglia-martiny_2025-11-14_1637\Famiglia Martiny\Album Foto\Album B\Album B_042.JPG,Album B_042.JPG,album_page,.jpg,10632.2197265625,Album B
C:\Users\wel\Desktop\OPV\wetransfer_famiglia-martiny_2025-11-14_1637\Famiglia Martiny\Album Foto\Album B\Album B_043.JPG,Album B_043.JPG,album_page,.jpg,9254.326171875,Album B
C:\Users\wel\Desktop\OPV\wetransfer_famiglia-martiny_2025-11-14_1637\Famiglia Martiny\Album Foto\Album B\Album B_044.JPG,Album B_044.JPG,album_page,.jpg,10280.7001953125,Album B
C:\Users\wel\Desktop\OPV\wetransfer_famiglia-martiny_2025-11-14_1637\Famiglia Martiny\Album Foto\Album B\Album B_046.JPG,Album B_046.JPG,album_page,.jpg,10296.228515625,Album B
C:\Users\wel\Desktop\OPV\wetransfer_famiglia-martiny_2025-11-14_1637\Famiglia Martiny\Album Foto\Album B\Album B_051.JPG,Album B_051.JPG,album_page,.jpg,9313.384765625,Album B
C:\Users\wel\Desktop\OPV\wetransfer_famiglia-martiny_2025-11-14_1637\Famiglia Martiny\Album Foto\Album B\Album B_052.JPG,Album B_052.JPG,album_page,.jpg,8960.75,Album B
C:\Users\wel\Desktop\OPV\wetransfer_famiglia-martiny_2025-11-14_1637\Famiglia Martiny\Album Foto\Album B\Album B_053.JPG,Album B_053.JPG,album_page,.jpg,8006.78515625,Album B
C:\Users\wel\Desktop\OPV\wetransfer_famiglia-martiny_2025-11-14_1637\Famiglia Martiny\Album Foto\Album B\Album B_054.JPG,Album B_054.JPG,album_page,.jpg,9621.1455078125,Album B
C:\Users\wel\Desktop\OPV\wetransfer_famiglia-martiny_2025-11-14_1637\Famiglia Martiny\Album Foto\Album B\Album B_055.JPG,Album B_055.JPG,album_page,.jpg,9400.5947265625,Album B
C:\Users\wel\Desktop\OPV\wetransfer_famiglia-martiny_2025-11-14_1637\Famiglia Martiny\Album Foto\Album B\Album B_056.JPG,Album B_056.JPG,album_page,.jpg,10597.6630859375,Album B
C:\Users\wel\Desktop\OPV\wetransfer_famiglia-martiny_2025-11-14_1637\Famiglia Martiny\Album Foto\Album B\Album B_057.JPG,Album B_057.JPG,album_page,.jpg,10103.7919921875,Album B
C:\Users\wel\Desktop\OPV\wetransfer_famiglia-martiny_2025-11-14_1637\Famiglia Martiny\Album Foto\Album B\Album B_058.JPG,Album B_058.JPG,album_page,.jpg,10707.486328125,Album B
C:\Users\wel\Desktop\OPV\wetransfer_famiglia-martiny_2025-11-14_1637\Famiglia Martiny\Album Foto\Album B\Album B_059.JPG,Album B_059.JPG,album_page,.jpg,4772.3896484375,Album B
C:\Users\wel\Desktop\OPV\wetransfer_famiglia-martiny_2025-11-14_1637\Famiglia Martiny\Album Foto\Album B\Album B_060.JPG,Album B_060.JPG,album_page,.jpg,9561.369140625,Album B
C:\Users\wel\Desktop\OPV\wetransfer_famiglia-martiny_2025-11-14_1637\Famiglia Martiny\Album Foto\Album B\Album B_061.JPG,Album B_061.JPG,album_page,.jpg,10740.5869140625,Album B
C:\Users\wel\Desktop\OPV\wetransfer_famiglia-martiny_2025-11-14_1637\Famiglia Martiny\Album Foto\Album B\Album B_062.JPG,Album B_062.JPG,album_page,.jpg,10252.287109375,Album B
C:\Users\wel\Desktop\OPV\wetransfer_famiglia-martiny_2025-11-14_1637\Famiglia Martiny\Album Foto\Album B\Album B_063.JPG,Album B_063.JPG,album_page,.jpg,10757.8310546875,Album B
C:\Users\wel\Desktop\OPV\wetransfer_famiglia-martiny_2025-11-14_1637\Famiglia Martiny\Album Foto\Album B\Album B_064_staccata.JPG,Album B_064_staccata.JPG,album_page,.jpg,10773.5537109375,Album B
C:\Users\wel\Desktop\OPV\wetransfer_famiglia-martiny_2025-11-14_1637\Famiglia Martiny\Album Foto\Album B\Album B_065_Fam Scioldo.JPG,Album B_065_Fam Scioldo.JPG,album_page,.jpg,10759.205078125,Album B
C:\Users\wel\Desktop\OPV\wetransfer_famiglia-martiny_2025-11-14_1637\Famiglia Martiny\Album Foto\Album B\Album B_066_Casa Scioldo.JPG,Album B_066_Casa Scioldo.JPG,album_page,.jpg,10594.3076171875,Album B
C:\Users\wel\Desktop\OPV\wetransfer_famiglia-martiny_2025-11-14_1637\Famiglia Martiny\Album Foto\Album C\Album C_000.JPG,Album C_000.JPG,album_page,.jpg,13184.0,Album C
C:\Users\wel\Desktop\OPV\wetransfer_famiglia-martiny_2025-11-14_1637\Famiglia Martiny\Album Foto\Album C\Album C_001.JPG,Album C_001.JPG,album_page,.jpg,12544.0,Album C
C:\Users\wel\Desktop\OPV\wetransfer_famiglia-martiny_2025-11-14_1637\Famiglia Martiny\Album Foto\Album C\Album C_002.JPG,Album C_002.JPG,album_page,.jpg,11392.0,Album C
C:\Users\wel\Desktop\OPV\wetransfer_famiglia-martiny_2025-11-14_1637\Famiglia Martiny\Album Foto\Album C\Album C_003.JPG,Album C_003.JPG,album_page,.jpg,11296.0,Album C
C:\Users\wel\Desktop\OPV\wetransfer_famiglia-martiny_2025-11-14_1637\Famiglia Martiny\Album Foto\Album C\Album C_004.JPG,Album C_004.JPG,album_page,.jpg,10816.0,Album C
C:\Users\wel\Desktop\OPV\wetransfer_famiglia-martiny_2025-11-14_1637\Famiglia Martiny\Album Foto\Album C\Album C_005.JPG,Album C_005.JPG,album_page,.jpg,11456.0,Album C
C:\Users\wel\Desktop\OPV\wetransfer_famiglia-martiny_2025-11-14_1637\Famiglia Martiny\Album Foto\Album C\Album C_006.JPG,Album C_006.JPG,album_page,.jpg,11232.0,Album C
C:\Users\wel\Desktop\OPV\wetransfer_famiglia-martiny_2025-11-14_1637\Famiglia Martiny\Album Foto\Album C\Album C_007.JPG,Album C_007.JPG,album_page,.jpg,11328.0,Album C
C:\Users\wel\Desktop\OPV\wetransfer_famiglia-martiny_2025-11-14_1637\Famiglia Martiny\Album Foto\Album C\Album C_008.JPG,Album C_008.JPG,album_page,.jpg,10560.0,Album C
C:\Users\wel\Desktop\OPV\wetransfer_famiglia-martiny_2025-11-14_1637\Famiglia Martiny\Album Foto\Album C\Album C_009.JPG,Album C_009.JPG,album_page,.jpg,11136.0,Album C
C:\Users\wel\Desktop\OPV\wetransfer_famiglia-martiny_2025-11-14_1637\Famiglia Martiny\Album Foto\Album C\Album C_010.JPG,Album C_010.JPG,album_page,.jpg,10144.0,Album C
C:\Users\wel\Desktop\OPV\wetransfer_famiglia-martiny_2025-11-14_1637\Famiglia Martiny\Album Foto\Album D\Album D_000.JPG,Album D_000.JPG,album_page,.jpg,3438.740234375,Album D
C:\Users\wel\Desktop\OPV\wetransfer_famiglia-martiny_2025-11-14_1637\Famiglia Martiny\Album Foto\Album D\Album D_001.JPG,Album D_001.JPG,album_page,.jpg,1746.4609375,Album D
C:\Users\wel\Desktop\OPV\wetransfer_famiglia-martiny_2025-11-14_1637\Famiglia Martiny\Album Foto\Album D\Album D_002.JPG,Album D_002.JPG,album_page,.jpg,1784.828125,Album D
C:\Users\wel\Desktop\OPV\wetransfer_famiglia-martiny_2025-11-14_1637\Famiglia Martiny\Album Foto\Album D\Album D_003.JPG,Album D_003.JPG,album_page,.jpg,1707.7763671875,Album D
C:\Users\wel\Desktop\OPV\wetransfer_famiglia-martiny_2025-11-14_1637\Famiglia Martiny\Album Foto\Album D\Album D_004.JPG,Album D_004.JPG,album_page,.jpg,1881.2421875,Album D
C:\Users\wel\Desktop\OPV\wetransfer_famiglia-martiny_2025-11-14_1637\Famiglia Martiny\Album Foto\Album D\Album D_005.JPG,Album D_005.JPG,album_page,.jpg,1593.7158203125,Album D
C:\Users\wel\Desktop\OPV\wetransfer_famiglia-martiny_2025-11-14_1637\Famiglia Martiny\Album Foto\Album D\Album D_006.JPG,Album D_006.JPG,album_page,.jpg,2266.1337890625,Album D
C:\Users\wel\Desktop\OPV\wetransfer_famiglia-martiny_2025-11-14_1637\Famiglia Martiny\Album Foto\Album D\Album D_007.JPG,Album D_007.JPG,album_page,.jpg,1618.197265625,Album D
C:\Users\wel\Desktop\OPV\wetransfer_famiglia-martiny_2025-11-14_1637\Famiglia Martiny\Album Foto\Album D\Album D_008.JPG,Album D_008.JPG,album_page,.jpg,1665.4697265625,Album D
C:\Users\wel\Desktop\OPV\wetransfer_famiglia-martiny_2025-11-14_1637\Famiglia Martiny\Album Foto\Album D\Album D_009.JPG,Album D_009.JPG,album_page,.jpg,1737.3173828125,Album D
C:\Users\wel\Desktop\OPV\wetransfer_famiglia-martiny_2025-11-14_1637\Famiglia Martiny\Album Foto\Album D\Album D_010.JPG,Album D_010.JPG,album_page,.jpg,1565.7666015625,Album D
C:\Users\wel\Desktop\OPV\wetransfer_famiglia-martiny_2025-11-14_1637\Famiglia Martiny\Album Foto\Album D\Album D_011.JPG,Album D_011.JPG,album_page,.jpg,1561.576171875,Album D
C:\Users\wel\Desktop\OPV\wetransfer_famiglia-martiny_2025-11-14_1637\Famiglia Martiny\Album Foto\Album D\Album D_012.JPG,Album D_012.JPG,album_page,.jpg,1537.09765625,Album D
C:\Users\wel\Desktop\OPV\wetransfer_famiglia-martiny_2025-11-14_1637\Famiglia Martiny\Album Foto\Album D\Album D_013.JPG,Album D_013.JPG,album_page,.jpg,1668.9873046875,Album D
C:\Users\wel\Desktop\OPV\wetransfer_famiglia-martiny_2025-11-14_1637\Famiglia Martiny\Album Foto\Album D\Album D_014.JPG,Album D_014.JPG,album_page,.jpg,1618.9384765625,Album D
C:\Users\wel\Desktop\OPV\wetransfer_famiglia-martiny_2025-11-14_1637\Famiglia Martiny\Album Foto\Album D\Album D_015.JPG,Album D_015.JPG,album_page,.jpg,1526.234375,Album D
C:\Users\wel\Desktop\OPV\wetransfer_famiglia-martiny_2025-11-14_1637\Famiglia Martiny\Album Foto\Album D\Album D_016.JPG,Album D_016.JPG,album_page,.jpg,1666.6064453125,Album D
C:\Users\wel\Desktop\OPV\wetransfer_famiglia-martiny_2025-11-14_1637\Famiglia Martiny\Album Foto\Album D\Album D_017.JPG,Album D_017.JPG,album_page,.jpg,1895.1904296875,Album D
C:\Users\wel\Desktop\OPV\wetransfer_famiglia-martiny_2025-11-14_1637\Famiglia Martiny\Album Foto\Album D\Album D_018.JPG,Album D_018.JPG,album_page,.jpg,1641.76171875,Album D
C:\Users\wel\Desktop\OPV\wetransfer_famiglia-martiny_2025-11-14_1637\Famiglia Martiny\Album Foto\Album D\Album D_019.JPG,Album D_019.JPG,album_page,.jpg,1526.80078125,Album D
C:\Users\wel\Desktop\OPV\wetransfer_famiglia-martiny_2025-11-14_1637\Famiglia Martiny\Album Foto\Album D\Album D_020.JPG,Album D_020.JPG,album_page,.jpg,1636.0537109375,Album D
C:\Users\wel\Desktop\OPV\wetransfer_famiglia-martiny_2025-11-14_1637\Famiglia Martiny\Album Foto\Album D\Album D_021.JPG,Album D_021.JPG,album_page,.jpg,1670.1689453125,Album D
C:\Users\wel\Desktop\OPV\wetransfer_famiglia-martiny_2025-11-14_1637\Famiglia Martiny\Album Foto\Album D\Album D_022.JPG,Album D_022.JPG,album_page,.jpg,1775.2421875,Album D
C:\Users\wel\Desktop\OPV\wetransfer_famiglia-martiny_2025-11-14_1637\Famiglia Martiny\Album Foto\Album D\Album D_023.JPG,Album D_023.JPG,album_page,.jpg,1674.634765625,Album D
C:\Users\wel\Desktop\OPV\wetransfer_famiglia-martiny_2025-11-14_1637\Famiglia Martiny\Album Foto\Album D\Album D_024.JPG,Album D_024.JPG,album_page,.jpg,1707.013671875,Album D
C:\Users\wel\Desktop\OPV\wetransfer_famiglia-martiny_2025-11-14_1637\Famiglia Martiny\Album Foto\Album D\Album D_025.JPG,Album D_025.JPG,album_page,.jpg,1493.869140625,Album D
C:\Users\wel\Desktop\OPV\wetransfer_famiglia-martiny_2025-11-14_1637\Famiglia Martiny\Album Foto\Album D\Album D_026.JPG,Album D_026.JPG,album_page,.jpg,1434.1611328125,Album D
C:\Users\wel\Desktop\OPV\wetransfer_famiglia-martiny_2025-11-14_1637\Famiglia Martiny\Album Foto\Album D\Album D_027.JPG,Album D_027.JPG,album_page,.jpg,1720.923828125,Album D
C:\Users\wel\Desktop\OPV\wetransfer_famiglia-martiny_2025-11-14_1637\Famiglia Martiny\Album Foto\Album Frida\Album_Frida001.jpg,Album_Frida001.jpg,album_page,.jpg,6248.6923828125,Album Frida
C:\Users\wel\Desktop\OPV\wetransfer_famiglia-martiny_2025-11-14_1637\Famiglia Martiny\Album Foto\Album Frida\Album_Frida002.jpg,Album_Frida002.jpg,album_page,.jpg,6450.3564453125,Album Frida
C:\Users\wel\Desktop\OPV\wetransfer_famiglia-martiny_2025-11-14_1637\Famiglia Martiny\Album Foto\Album Frida\Album_Frida003.jpg,Album_Frida003.jpg,album_page,.jpg,3742.30078125,Album Frida
C:\Users\wel\Desktop\OPV\wetransfer_famiglia-martiny_2025-11-14_1637\Famiglia Martiny\Album Foto\Album Frida\Album_Frida004.jpg,Album_Frida004.jpg,album_page,.jpg,1333.638671875,Album Frida
C:\Users\wel\Desktop\OPV\wetransfer_famiglia-martiny_2025-11-14_1637\Famiglia Martiny\Album Foto\Album Frida\Album_Frida005.jpg,Album_Frida005.jpg,album_page,.jpg,4305.40234375,Album Frida
C:\Users\wel\Desktop\OPV\wetransfer_famiglia-martiny_2025-11-14_1637\Famiglia Martiny\Album Foto\Album Frida\Album_Frida006.jpg,Album_Frida006.jpg,album_page,.jpg,1773.1591796875,Album Frida
C:\Users\wel\Desktop\OPV\wetransfer_famiglia-martiny_2025-11-14_1637\Famiglia Martiny\Album Foto\Album Frida\Album_Frida007.jpg,Album_Frida007.jpg,album_page,.jpg,1517.9677734375,Album Frida
C:\Users\wel\Desktop\OPV\wetransfer_famiglia-martiny_2025-11-14_1637\Famiglia Martiny\Album Foto\Album Frida\Album_Frida008.jpg,Album_Frida008.jpg,album_page,.jpg,1416.4287109375,Album Frida
C:\Users\wel\Desktop\OPV\wetransfer_famiglia-martiny_2025-11-14_1637\Famiglia Martiny\Album Foto\Album Frida\Album_Frida009.jpg,Album_Frida009.jpg,album_page,.jpg,1625.0556640625,Album Frida
C:\Users\wel\Desktop\OPV\wetransfer_famiglia-martiny_2025-11-14_1637\Famiglia Martiny\Album Foto\Album Frida\Album_Frida010.jpg,Album_Frida010.jpg,album_page,.jpg,1340.91796875,Album Frida
C:\Users\wel\Desktop\OPV\wetransfer_famiglia-martiny_2025-11-14_1637\Famiglia Martiny\Album Foto\Album Frida\Album_Frida011.jpg,Album_Frida011.jpg,album_page,.jpg,1486.6416015625,Album Frida
C:\Users\wel\Desktop\OPV\wetransfer_famiglia-martiny_2025-11-14_1637\Famiglia Martiny\Album Foto\Album Frida\Album_Frida012.jpg,Album_Frida012.jpg,album_page,.jpg,1573.904296875,Album Frida
C:\Users\wel\Desktop\OPV\wetransfer_famiglia-martiny_2025-11-14_1637\Famiglia Martiny\Album Foto\Album Frida\Album_Frida013.jpg,Album_Frida013.jpg,album_page,.jpg,1939.556640625,Album Frida
C:\Users\wel\Desktop\OPV\wetransfer_famiglia-martiny_2025-11-14_1637\Famiglia Martiny\Album Foto\Album Frida\Album_Frida014.jpg,Album_Frida014.jpg,album_page,.jpg,1427.8779296875,Album Frida
C:\Users\wel\Desktop\OPV\wetransfer_famiglia-martiny_2025-11-14_1637\Famiglia Martiny\Album Foto\Album piccoli musicisti\Album_PiccMusic_000.jpg,Album_PiccMusic_000.jpg,album_page,.jpg,1030.50390625,Album piccoli musicisti
C:\Users\wel\Desktop\OPV\wetransfer_famiglia-martiny_2025-11-14_1637\Famiglia Martiny\Album Foto\Album piccoli musicisti\Album_PiccMusic_001.jpg,Album_PiccMusic_001.jpg,album_page,.jpg,1114.8837890625,Album piccoli musicisti
C:\Users\wel\Desktop\OPV\wetransfer_famiglia-martiny_2025-11-14_1637\Famiglia Martiny\Album Foto\Album piccoli musicisti\Album_PiccMusic_002.jpg,Album_PiccMusic_002.jpg,album_page,.jpg,3399.3515625,Album piccoli musicisti
C:\Users\wel\Desktop\OPV\wetransfer_famiglia-martiny_2025-11-14_1637\Famiglia Martiny\Album Foto\Album piccoli musicisti\Album_PiccMusic_003.jpg,Album_PiccMusic_003.jpg,album_page,.jpg,501.9755859375,Album piccoli musicisti
C:\Users\wel\Desktop\OPV\wetransfer_famiglia-martiny_2025-11-14_1637\Famiglia Martiny\Album Foto\Album piccoli musicisti\Album_PiccMusic_004.jpg,Album_PiccMusic_004.jpg,album_page,.jpg,563.9365234375,Album piccoli musicisti
C:\Users\wel\Desktop\OPV\wetransfer_famiglia-martiny_2025-11-14_1637\Famiglia Martiny\Album Foto\Album piccoli musicisti\Album_PiccMusic_005.jpg,Album_PiccMusic_005.jpg,album_page,.jpg,586.724609375,Album piccoli musicisti
C:\Users\wel\Desktop\OPV\wetransfer_famiglia-martiny_2025-11-14_1637\Famiglia Martiny\Album Foto\Album piccoli musicisti\Album_PiccMusic_006.jpg,Album_PiccMusic_006.jpg,album_page,.jpg,546.7548828125,Album piccoli musicisti
C:\Users\wel\Desktop\OPV\wetransfer_famiglia-martiny_2025-11-14_1637\Famiglia Martiny\Album Foto\Album piccoli musicisti\Album_PiccMusic_007.jpg,Album_PiccMusic_007.jpg,album_page,.jpg,540.1591796875,Album piccoli musicisti
C:\Users\wel\Desktop\OPV\wetransfer_famiglia-martiny_2025-11-14_1637\Famiglia Martiny\Album Foto\Album piccoli musicisti\Album_PiccMusic_008.jpg,Album_PiccMusic_008.jpg,album_page,.jpg,685.5146484375,Album piccoli musicisti
C:\Users\wel\Desktop\OPV\wetransfer_famiglia-martiny_2025-11-14_1637\Famiglia Martiny\Album Foto\Album piccoli musicisti\Album_PiccMusic_009.jpg,Album_PiccMusic_009.jpg,album_page,.jpg,597.9462890625,Album piccoli musicisti
C:\Users\wel\Desktop\OPV\wetransfer_famiglia-martiny_2025-11-14_1637\Famiglia Martiny\Album Foto\Album piccoli musicisti\Album_PiccMusic_010.jpg,Album_PiccMusic_010.jpg,album_page,.jpg,929.896484375,Album piccoli musicisti
C:\Users\wel\Desktop\OPV\wetransfer_famiglia-martiny_2025-11-14_1637\Famiglia Martiny\Album Foto\Album piccoli musicisti\Album_PiccMusic_011.jpg,Album_PiccMusic_011.jpg,album_page,.jpg,430.6796875,Album piccoli musicisti
C:\Users\wel\Desktop\OPV\wetransfer_famiglia-martiny_2025-11-14_1637\Famiglia Martiny\Album Foto\Album piccoli musicisti\Album_PiccMusic_012.jpg,Album_PiccMusic_012.jpg,album_page,.jpg,514.2607421875,Album piccoli musicisti
C:\Users\wel\Desktop\OPV\wetransfer_famiglia-martiny_2025-11-14_1637\Famiglia Martiny\Album Foto\Album piccoli musicisti\Album_PiccMusic_013.jpg,Album_PiccMusic_013.jpg,album_page,.jpg,561.810546875,Album piccoli musicisti
C:\Users\wel\Desktop\OPV\wetransfer_famiglia-martiny_2025-11-14_1637\Famiglia Martiny\Album Foto\Album piccoli musicisti\Album_PiccMusic_014.jpg,Album_PiccMusic_014.jpg,album_page,.jpg,451.130859375,Album piccoli musicisti
C:\Users\wel\Desktop\OPV\wetransfer_famiglia-martiny_2025-11-14_1637\Famiglia Martiny\Album Foto\Album piccoli musicisti\Album_PiccMusic_015.jpg,Album_PiccMusic_015.jpg,album_page,.jpg,602.8779296875,Album piccoli musicisti
C:\Users\wel\Desktop\OPV\wetransfer_famiglia-martiny_2025-11-14_1637\Famiglia Martiny\Album Foto\Album piccoli musicisti\Album_PiccMusic_016.jpg,Album_PiccMusic_016.jpg,album_page,.jpg,503.6845703125,Album piccoli musicisti
C:\Users\wel\Desktop\OPV\wetransfer_famiglia-martiny_2025-11-14_1637\Famiglia Martiny\Album Foto\Album piccoli musicisti\Album_PiccMusic_017.jpg,Album_PiccMusic_017.jpg,album_page,.jpg,489.0341796875,Album piccoli musicisti
C:\Users\wel\Desktop\OPV\wetransfer_famiglia-martiny_2025-11-14_1637\Famiglia Martiny\Album Foto\Album piccoli musicisti\Album_PiccMusic_018.jpg,Album_PiccMusic_018.jpg,album_page,.jpg,564.771484375,Album piccoli musicisti
C:\Users\wel\Desktop\OPV\wetransfer_famiglia-martiny_2025-11-14_1637\Famiglia Martiny\Album Foto\Album piccoli musicisti\Album_PiccMusic_019.jpg,Album_PiccMusic_019.jpg,album_page,.jpg,614.1513671875,Album piccoli musicisti
C:\Users\wel\Desktop\OPV\wetransfer_famiglia-martiny_2025-11-14_1637\Famiglia Martiny\Album Foto\Album piccoli musicisti\Album_PiccMusic_020.jpg,Album_PiccMusic_020.jpg,album_page,.jpg,755.1611328125,Album piccoli musicisti
C:\Users\wel\Desktop\OPV\wetransfer_famiglia-martiny_2025-11-14_1637\Famiglia Martiny\Album Foto\Album piccoli musicisti\Album_PiccMusic_021.jpg,Album_PiccMusic_021.jpg,album_page,.jpg,502.4912109375,Album piccoli musicisti
C:\Users\wel\Desktop\OPV\wetransfer_famiglia-martiny_2025-11-14_1637\Famiglia Martiny\Album Foto\Album piccoli musicisti\Album_PiccMusic_022.jpg,Album_PiccMusic_022.jpg,album_page,.jpg,371.9228515625,Album piccoli musicisti
C:\Users\wel\Desktop\OPV\wetransfer_famiglia-martiny_2025-11-14_1637\Famiglia Martiny\Album Foto\Album piccoli musicisti\Album_PiccMusic_023.jpg,Album_PiccMusic_023.jpg,album_page,.jpg,573.4326171875,Album piccoli musicisti
C:\Users\wel\Desktop\OPV\wetransfer_famiglia-martiny_2025-11-14_1637\Famiglia Martiny\Album Foto\Album piccoli musicisti\foto selezionate per Tag\Album_PiccMusic_002_A.jpg,Album_PiccMusic_002_A.jpg,album_page,.jpg,292.119140625,foto selezionate per Tag
C:\Users\wel\Desktop\OPV\wetransfer_famiglia-martiny_2025-11-14_1637\Famiglia Martiny\Album Foto\Album piccoli musicisti\foto selezionate per Tag\Album_PiccMusic_003_A.jpg,Album_PiccMusic_003_A.jpg,album_page,.jpg,362.318359375,foto selezionate per Tag
C:\Users\wel\Desktop\OPV\wetransfer_famiglia-martiny_2025-11-14_1637\Famiglia Martiny\Album Foto\Album piccoli musicisti\foto selezionate per Tag\Album_PiccMusic_005_A.jpg,Album_PiccMusic_005_A.jpg,album_page,.jpg,740.5283203125,foto selezionate per Tag
C:\Users\wel\Desktop\OPV\wetransfer_famiglia-martiny_2025-11-14_1637\Famiglia Martiny\Album Foto\Album piccoli musicisti\foto selezionate per Tag\Album_PiccMusic_009_A.jpg,Album_PiccMusic_009_A.jpg,album_page,.jpg,555.7470703125,foto selezionate per Tag
C:\Users\wel\Desktop\OPV\wetransfer_famiglia-martiny_2025-11-14_1637\Famiglia Martiny\Album Foto\Album piccoli musicisti\foto selezionate per Tag\Album_PiccMusic_010_A.jpg,Album_PiccMusic_010_A.jpg,album_page,.jpg,528.9892578125,foto selezionate per Tag
C:\Users\wel\Desktop\OPV\wetransfer_famiglia-martiny_2025-11-14_1637\Famiglia Martiny\Album Foto\Album piccoli musicisti\foto selezionate per Tag\Album_PiccMusic_010_B.jpg,Album_PiccMusic_010_B.jpg,album_page,.jpg,460.3828125,foto selezionate per Tag
C:\Users\wel\Desktop\OPV\wetransfer_famiglia-martiny_2025-11-14_1637\Famiglia Martiny\Album Foto\Album piccoli musicisti\foto selezionate per Tag\Album_PiccMusic_013_A.jpg,Album_PiccMusic_013_A.jpg,album_page,.jpg,1784.232421875,foto selezionate per Tag
C:\Users\wel\Desktop\OPV\wetransfer_famiglia-martiny_2025-11-14_1637\Famiglia Martiny\Album Foto\Album piccoli musicisti\foto selezionate per Tag\Album_PiccMusic_017_B.jpg,Album_PiccMusic_017_B.jpg,album_page,.jpg,310.9169921875,foto selezionate per Tag
C:\Users\wel\Desktop\OPV\wetransfer_famiglia-martiny_2025-11-14_1637\Famiglia Martiny\Album Foto\Album piccoli musicisti\foto selezionate per Tag\Album_PiccMusic_018_B.jpg,Album_PiccMusic_018_B.jpg,album_page,.jpg,495.2412109375,foto selezionate per Tag
C:\Users\wel\Desktop\OPV\wetransfer_famiglia-martiny_2025-11-14_1637\Famiglia Martiny\Album Foto\Album piccoli musicisti\foto selezionate per Tag\Album_PiccMusic_019_A.jpg,Album_PiccMusic_019_A.jpg,album_page,.jpg,695.931640625,foto selezionate per Tag
C:\Users\wel\Desktop\OPV\wetransfer_famiglia-martiny_2025-11-14_1637\Famiglia Martiny\Album Foto\Album piccoli musicisti\foto selezionate per Tag\Album_PiccMusic_021_A.jpg,Album_PiccMusic_021_A.jpg,album_page,.jpg,814.546875,foto selezionate per Tag
C:\Users\wel\Desktop\OPV\wetransfer_famiglia-martiny_2025-11-14_1637\Famiglia Martiny\Album Foto\Album_Walter\Album_Walter008.jpg,Album_Walter008.jpg,album_page,.jpg,2918.4541015625,Album_Walter
C:\Users\wel\Desktop\OPV\wetransfer_famiglia-martiny_2025-11-14_1637\Famiglia Martiny\Album Foto\Album_Walter\Album_Walter009.jpg,Album_Walter009.jpg,album_page,.jpg,2676.771484375,Album_Walter
C:\Users\wel\Desktop\OPV\wetransfer_famiglia-martiny_2025-11-14_1637\Famiglia Martiny\Album Foto\Album_Walter\Album_Walter010.jpg,Album_Walter010.jpg,album_page,.jpg,1061.484375,Album_Walter
C:\Users\wel\Desktop\OPV\wetransfer_famiglia-martiny_2025-11-14_1637\Famiglia Martiny\Album Foto\Album_Walter\Album_Walter011.jpg,Album_Walter011.jpg,album_page,.jpg,2939.5263671875,Album_Walter
C:\Users\wel\Desktop\OPV\wetransfer_famiglia-martiny_2025-11-14_1637\Famiglia Martiny\Album Foto\Album_Walter\Album_Walter012.jpg,Album_Walter012.jpg,album_page,.jpg,2738.685546875,Album_Walter
C:\Users\wel\Desktop\OPV\wetransfer_famiglia-martiny_2025-11-14_1637\Famiglia Martiny\Album Foto\Album_Walter\Album_Walter013.jpg,Album_Walter013.jpg,album_page,.jpg,3222.6064453125,Album_Walter
C:\Users\wel\Desktop\OPV\wetransfer_famiglia-martiny_2025-11-14_1637\Famiglia Martiny\Album Foto\Album_Walter\Album_Walter014.jpg,Album_Walter014.jpg,album_page,.jpg,2812.66796875,Album_Walter
C:\Users\wel\Desktop\OPV\wetransfer_famiglia-martiny_2025-11-14_1637\Famiglia Martiny\Album Foto\Album_Walter\Album_Walter015.jpg,Album_Walter015.jpg,album_page,.jpg,2678.8564453125,Album_Walter
C:\Users\wel\Desktop\OPV\wetransfer_famiglia-martiny_2025-11-14_1637\Famiglia Martiny\Album Foto\Album_Walter\Album_Walter016.jpg,Album_Walter016.jpg,album_page,.jpg,2618.1611328125,Album_Walter
C:\Users\wel\Desktop\OPV\wetransfer_famiglia-martiny_2025-11-14_1637\Famiglia Martiny\Album Foto\Album_Walter\Album_Walter017.jpg,Album_Walter017.jpg,album_page,.jpg,3287.8955078125,Album_Walter
C:\Users\wel\Desktop\OPV\wetransfer_famiglia-martiny_2025-11-14_1637\Famiglia Martiny\Album Foto\Album_Walter\Album_Walter018.jpg,Album_Walter018.jpg,album_page,.jpg,2930.427734375,Album_Walter
C:\Users\wel\Desktop\OPV\wetransfer_famiglia-martiny_2025-11-14_1637\Famiglia Martiny\Album Foto\Album_Walter\Album_Walter019.jpg,Album_Walter019.jpg,album_page,.jpg,2399.7265625,Album_Walter
C:\Users\wel\Desktop\OPV\wetransfer_famiglia-martiny_2025-11-14_1637\Famiglia Martiny\Album Foto\Album_Walter\Album_Walter020.jpg,Album_Walter020.jpg,album_page,.jpg,2102.2333984375,Album_Walter
C:\Users\wel\Desktop\OPV\wetransfer_famiglia-martiny_2025-11-14_1637\Famiglia Martiny\Album Foto\Album_Walter\Album_Walter021.jpg,Album_Walter021.jpg,album_page,.jpg,2349.763671875,Album_Walter
C:\Users\wel\Desktop\OPV\wetransfer_famiglia-martiny_2025-11-14_1637\Famiglia Martiny\Album Foto\Album_Walter\Album_Walter022.jpg,Album_Walter022.jpg,album_page,.jpg,2560.7392578125,Album_Walter
C:\Users\wel\Desktop\OPV\wetransfer_famiglia-martiny_2025-11-14_1637\Famiglia Martiny\Album Foto\Album_Walter\Album_Walter023.jpg,Album_Walter023.jpg,album_page,.jpg,2360.5693359375,Album_Walter
C:\Users\wel\Desktop\OPV\wetransfer_famiglia-martiny_2025-11-14_1637\Famiglia Martiny\Album Foto\Album_Walter\Album_Walter024.jpg,Album_Walter024.jpg,album_page,.jpg,2217.0244140625,Album_Walter
C:\Users\wel\Desktop\OPV\wetransfer_famiglia-martiny_2025-11-14_1637\Famiglia Martiny\Album Foto\Album_Walter\Album_Walter025.jpg,Album_Walter025.jpg,album_page,.jpg,2141.912109375,Album_Walter
C:\Users\wel\Desktop\OPV\wetransfer_famiglia-martiny_2025-11-14_1637\Famiglia Martiny\Album Foto\Album_Walter\Album_Walter026.jpg,Album_Walter026.jpg,album_page,.jpg,2266.91015625,Album_Walter
C:\Users\wel\Desktop\OPV\wetransfer_famiglia-martiny_2025-11-14_1637\Famiglia Martiny\Album Foto\Album_Walter\Album_Walter027.jpg,Album_Walter027.jpg,album_page,.jpg,3149.1083984375,Album_Walter
C:\Users\wel\Desktop\OPV\wetransfer_famiglia-martiny_2025-11-14_1637\Famiglia Martiny\Album Foto\Album_Walter\Album_Walter_000.jpg,Album_Walter_000.jpg,album_page,.jpg,5245.2412109375,Album_Walter
C:\Users\wel\Desktop\OPV\wetransfer_famiglia-martiny_2025-11-14_1637\Famiglia Martiny\Album Foto\Album_Walter\Album_Walter_001.jpg,Album_Walter_001.jpg,album_page,.jpg,2639.0751953125,Album_Walter
C:\Users\wel\Desktop\OPV\wetransfer_famiglia-martiny_2025-11-14_1637\Famiglia Martiny\Album Foto\Album_Walter\Album_Walter_002.jpg,Album_Walter_002.jpg,album_page,.jpg,4738.7958984375,Album_Walter
C:\Users\wel\Desktop\OPV\wetransfer_famiglia-martiny_2025-11-14_1637\Famiglia Martiny\Album Foto\Album_Walter\Album_Walter_003.jpg,Album_Walter_003.jpg,album_page,.jpg,2497.748046875,Album_Walter
C:\Users\wel\Desktop\OPV\wetransfer_famiglia-martiny_2025-11-14_1637\Famiglia Martiny\Album Foto\Album_Walter\Album_Walter_004.jpg,Album_Walter_004.jpg,album_page,.jpg,1043.3232421875,Album_Walter
C:\Users\wel\Desktop\OPV\wetransfer_famiglia-martiny_2025-11-14_1637\Famiglia Martiny\Album Foto\Album_Walter\Album_Walter_005.jpg,Album_Walter_005.jpg,album_page,.jpg,2518.0,Album_Walter
C:\Users\wel\Desktop\OPV\wetransfer_famiglia-martiny_2025-11-14_1637\Famiglia Martiny\Album Foto\Album_Walter\Album_Walter_006.jpg,Album_Walter_006.jpg,album_page,.jpg,3198.876953125,Album_Walter
C:\Users\wel\Desktop\OPV\wetransfer_famiglia-martiny_2025-11-14_1637\Famiglia Martiny\Album Foto\Album_Walter\Album_Walter_007.jpg,Album_Walter_007.jpg,album_page,.jpg,2869.63671875,Album_Walter
C:\Users\wel\Desktop\OPV\wetransfer_famiglia-martiny_2025-11-14_1637\Famiglia Martiny\Album Foto\Album_Walter\Album_Walter_singola.jpg,Album_Walter_singola.jpg,album_page,.jpg,1434.0634765625,Album_Walter
C:\Users\wel\Desktop\OPV\wetransfer_famiglia-martiny_2025-11-14_1637\Famiglia Martiny\Album Foto\Album_Walter\Selezionate per Tag\Album_Walter009_B.jpg,Album_Walter009_B.jpg,album_page,.jpg,776.5693359375,Selezionate per Tag
C:\Users\wel\Desktop\OPV\wetransfer_famiglia-martiny_2025-11-14_1637\Famiglia Martiny\Album Foto\Album_Walter\Selezionate per Tag\Album_Walter012_A.jpg,Album_Walter012_A.jpg,album_page,.jpg,1338.32421875,Selezionate per Tag
C:\Users\wel\Desktop\OPV\wetransfer_famiglia-martiny_2025-11-14_1637\Famiglia Martiny\Album Foto\Album_Walter\Selezionate per Tag\Album_Walter015_A.jpg,Album_Walter015_A.jpg,album_page,.jpg,1463.5400390625,Selezionate per Tag
C:\Users\wel\Desktop\OPV\wetransfer_famiglia-martiny_2025-11-14_1637\Famiglia Martiny\Album Foto\Album_Walter\Selezionate per Tag\Album_Walter024_C.jpg,Album_Walter024_C.jpg,album_page,.jpg,427.1806640625,Selezionate per Tag
C:\Users\wel\Desktop\OPV\wetransfer_famiglia-martiny_2025-11-14_1637\Famiglia Martiny\Album Foto\Album_Walter\Selezionate per Tag\Album_Walter02_B.jpg,Album_Walter02_B.jpg,album_page,.jpg,941.7587890625,Selezionate per Tag
C:\Users\wel\Desktop\OPV\wetransfer_famiglia-martiny_2025-11-14_1637\Famiglia Martiny\Album Foto\Album_Walter\Selezionate per Tag\Album_Walter_001_A.jpg,Album_Walter_001_A.jpg,album_page,.jpg,1944.39453125,Selezionate per Tag
C:\Users\wel\Desktop\OPV\wetransfer_famiglia-martiny_2025-11-14_1637\Famiglia Martiny\Album Foto\Album_Walter\Selezionate per Tag\Album_Walter_002_A.jpg,Album_Walter_002_A.jpg,album_page,.jpg,416.4736328125,Selezionate per Tag
C:\Users\wel\Desktop\OPV\wetransfer_famiglia-martiny_2025-11-14_1637\Famiglia Martiny\Album Foto\Album_Walter\Selezionate per Tag\Copia di Album_Walter011.jpg,Copia di Album_Walter011.jpg,album_page,.jpg,2939.5263671875,Selezionate per Tag
C:\Users\wel\Desktop\OPV\wetransfer_famiglia-martiny_2025-11-14_1637\Famiglia Martiny\Album Foto\Foto singole\Singole_001.jpg,Singole_001.jpg,album_page,.jpg,2530.6943359375,Foto singole
C:\Users\wel\Desktop\OPV\wetransfer_famiglia-martiny_2025-11-14_1637\Famiglia Martiny\Album Foto\Foto singole\Singole_002.jpg,Singole_002.jpg,album_page,.jpg,2202.26171875,Foto singole
C:\Users\wel\Desktop\OPV\wetransfer_famiglia-martiny_2025-11-14_1637\Famiglia Martiny\Album Foto\Foto singole\Singole_003.jpg,Singole_003.jpg,album_page,.jpg,876.169921875,Foto singole
C:\Users\wel\Desktop\OPV\wetransfer_famiglia-martiny_2025-11-14_1637\Famiglia Martiny\Album Foto\Foto singole\Singole_004.jpg,Singole_004.jpg,album_page,.jpg,3757.4052734375,Foto singole
C:\Users\wel\Desktop\OPV\wetransfer_famiglia-martiny_2025-11-14_1637\Famiglia Martiny\Album Foto\Foto singole\Singole_005.jpg,Singole_005.jpg,album_page,.jpg,1863.0634765625,Foto singole
C:\Users\wel\Desktop\OPV\wetransfer_famiglia-martiny_2025-11-14_1637\Famiglia Martiny\Album Foto\Foto singole\Singole_006.jpg,Singole_006.jpg,album_page,.jpg,3895.1357421875,Foto singole
C:\Users\wel\Desktop\OPV\wetransfer_famiglia-martiny_2025-11-14_1637\Famiglia Martiny\Album Foto\Foto singole\Singole_007.jpg,Singole_007.jpg,album_page,.jpg,950.2451171875,Foto singole
C:\Users\wel\Desktop\OPV\wetransfer_famiglia-martiny_2025-11-14_1637\Famiglia Martiny\Album Foto\Foto singole\Singole_008.jpg,Singole_008.jpg,album_page,.jpg,1029.5234375,Foto singole
C:\Users\wel\Desktop\OPV\wetransfer_famiglia-martiny_2025-11-14_1637\Famiglia Martiny\Album Foto\Foto singole\Singole_009.jpg,Singole_009.jpg,album_page,.jpg,5276.349609375,Foto singole
C:\Users\wel\Desktop\OPV\wetransfer_famiglia-martiny_2025-11-14_1637\Famiglia Martiny\Album Foto\Foto singole\Singole_010.jpg,Singole_010.jpg,album_page,.jpg,3089.908203125,Foto singole
C:\Users\wel\Desktop\OPV\wetransfer_famiglia-martiny_2025-11-14_1637\Famiglia Martiny\Album Foto\Foto singole\Singole_011.jpg,Singole_011.jpg,album_page,.jpg,2390.861328125,Foto singole
C:\Users\wel\Desktop\OPV\wetransfer_famiglia-martiny_2025-11-14_1637\Famiglia Martiny\Album Foto\Foto singole\Singole_012.jpg,Singole_012.jpg,album_page,.jpg,1261.14453125,Foto singole
C:\Users\wel\Desktop\OPV\wetransfer_famiglia-martiny_2025-11-14_1637\Famiglia Martiny\Album Foto\Foto singole\Singole_013.jpg,Singole_013.jpg,album_page,.jpg,1690.541015625,Foto singole
C:\Users\wel\Desktop\OPV\wetransfer_famiglia-martiny_2025-11-14_1637\Famiglia Martiny\Album Foto\Foto singole\Singole_014.jpg,Singole_014.jpg,album_page,.jpg,5183.849609375,Foto singole
C:\Users\wel\Desktop\OPV\wetransfer_famiglia-martiny_2025-11-14_1637\Famiglia Martiny\Album Foto\TAG immagini\2025 - 10 - 20 Tag album giovani musicisti Martiny(1).docx,2025 - 10 - 20 Tag album giovani musicisti Martiny(1).docx,client_tags,.docx,18.880859375,TAG immagini
C:\Users\wel\Desktop\OPV\wetransfer_famiglia-martiny_2025-11-14_1637\Famiglia Martiny\Album Foto\TAG immagini\2025 - 10 - 20 Tag album giovani musicisti Martiny.docx,2025 - 10 - 20 Tag album giovani musicisti Martiny.docx,client_tags,.docx,105.716796875,TAG immagini
C:\Users\wel\Desktop\OPV\wetransfer_famiglia-martiny_2025-11-14_1637\Famiglia Martiny\Album Foto\TAG immagini\2025 - 10 - 20 Tag album Walter.docx,2025 - 10 - 20 Tag album Walter.docx,client_tags,.docx,17.6025390625,TAG immagini
C:\Users\wel\Desktop\OPV\wetransfer_famiglia-martiny_2025-11-14_1637\Famiglia Martiny\Album Foto\TAG immagini\2025-10-20 Tag Album Frida.docx,2025-10-20 Tag Album Frida.docx,client_tags,.docx,16.34765625,TAG immagini
C:\Users\wel\Desktop\OPV\wetransfer_famiglia-martiny_2025-11-14_1637\Famiglia Martiny\Album Foto\TAG immagini\2025-10-20 TAG FOTO SINGOLE.docx,2025-10-20 TAG FOTO SINGOLE.docx,single_photo,.docx,15.60546875,TAG immagini
C:\Users\wel\Desktop\OPV\wetransfer_famiglia-martiny_2025-11-14_1637\Famiglia Martiny\articoli giornalistici\2025 - 10 - 17 articolo di giornalista conoscente di Roberto sulla famiglia Martiny.pdf,2025 - 10 - 17 articolo di giornalista conoscente di Roberto sulla famiglia Martiny.pdf,newspaper,.pdf,6152.7861328125,articoli giornalistici
C:\Users\wel\Desktop\OPV\wetransfer_famiglia-martiny_2025-11-14_1637\Famiglia Martiny\Articoli La Stampa\1154_01_1929_0059_0005.pdf,1154_01_1929_0059_0005.pdf,newspaper,.pdf,529.6171875,Articoli La Stampa
C:\Users\wel\Desktop\OPV\wetransfer_famiglia-martiny_2025-11-14_1637\Famiglia Martiny\Articoli La Stampa\1155_01_1929_0141_0002.pdf,1155_01_1929_0141_0002.pdf,newspaper,.pdf,564.599609375,Articoli La Stampa
C:\Users\wel\Desktop\OPV\wetransfer_famiglia-martiny_2025-11-14_1637\Famiglia Martiny\Articoli La Stampa\1155_01_1929_0192_0006.pdf,1155_01_1929_0192_0006.pdf,newspaper,.pdf,553.7607421875,Articoli La Stampa
C:\Users\wel\Desktop\OPV\wetransfer_famiglia-martiny_2025-11-14_1637\Famiglia Martiny\Articoli La Stampa\1173_01_1921_0080_0004.pdf,1173_01_1921_0080_0004.pdf,newspaper,.pdf,572.5849609375,Articoli La Stampa
C:\Users\wel\Desktop\OPV\wetransfer_famiglia-martiny_2025-11-14_1637\Famiglia Martiny\Articoli La Stampa\1176_01_1920_0215_0003.pdf,1176_01_1920_0215_0003.pdf,newspaper,.pdf,582.3740234375,Articoli La Stampa
C:\Users\wel\Desktop\OPV\wetransfer_famiglia-martiny_2025-11-14_1637\Famiglia Martiny\Articoli La Stampa\1176_01_1920_0216_0003.pdf,1176_01_1920_0216_0003.pdf,newspaper,.pdf,532.7177734375,Articoli La Stampa
C:\Users\wel\Desktop\OPV\wetransfer_famiglia-martiny_2025-11-14_1637\Famiglia Martiny\Articoli La Stampa\1176_01_1920_0220_0004.pdf,1176_01_1920_0220_0004.pdf,newspaper,.pdf,521.3193359375,Articoli La Stampa
C:\Users\wel\Desktop\OPV\wetransfer_famiglia-martiny_2025-11-14_1637\Famiglia Martiny\Articoli La Stampa\1178_01_1919_0270_0002.pdf,1178_01_1919_0270_0002.pdf,newspaper,.pdf,592.3857421875,Articoli La Stampa
C:\Users\wel\Desktop\OPV\wetransfer_famiglia-martiny_2025-11-14_1637\Famiglia Martiny\Articoli La Stampa\1178_01_1919_0307_0002.pdf,1178_01_1919_0307_0002.pdf,newspaper,.pdf,580.0302734375,Articoli La Stampa
C:\Users\wel\Desktop\OPV\wetransfer_famiglia-martiny_2025-11-14_1637\Famiglia Martiny\Articoli La Stampa\1203_01_1909_0331_0004.pdf,1203_01_1909_0331_0004.pdf,newspaper,.pdf,607.8896484375,Articoli La Stampa
C:\Users\wel\Desktop\OPV\wetransfer_famiglia-martiny_2025-11-14_1637\Famiglia Martiny\Articoli La Stampa\1211_01_1905_0022_0005.pdf,1211_01_1905_0022_0005.pdf,newspaper,.pdf,540.8974609375,Articoli La Stampa
C:\Users\wel\Desktop\OPV\wetransfer_famiglia-martiny_2025-11-14_1637\Famiglia Martiny\atti di società\2025 - 10 - 24 Martiny Francesco Atti di società atto costitutivo Unione IndustrialeItaliana per il commercio d_esportazine.pdf,2025 - 10 - 24 Martiny Francesco Atti di società atto costitutivo Unione IndustrialeItaliana per il commercio d_esportazine.pdf,pdf_document,.pdf,21824.1435546875,atti di società
C:\Users\wel\Desktop\OPV\wetransfer_famiglia-martiny_2025-11-14_1637\Famiglia Martiny\atti di società\2025 - 10 - 24 Martiny Francesco Atti di società procura speciale Manifatture Martiny.pdf,2025 - 10 - 24 Martiny Francesco Atti di società procura speciale Manifatture Martiny.pdf,pdf_document,.pdf,11542.8310546875,atti di società
C:\Users\wel\Desktop\OPV\wetransfer_famiglia-martiny_2025-11-14_1637\Famiglia Martiny\atti di società\2025 - 10 - Martiny Francesco Atti di società trascrizione.docx,2025 - 10 - Martiny Francesco Atti di società trascrizione.docx,word_document,.docx,26.66015625,atti di società
C:\Users\wel\Desktop\OPV\wetransfer_famiglia-martiny_2025-11-14_1637\Famiglia Martiny\Audio\2024 - 05 - 20 TUCCI_Martiny_ Alle origini della Superga_Quaderno CDS_N10_2007.pdf,2024 - 05 - 20 TUCCI_Martiny_ Alle origini della Superga_Quaderno CDS_N10_2007.pdf,pdf_document,.pdf,4649.861328125,Audio
C:\Users\wel\Desktop\OPV\wetransfer_famiglia-martiny_2025-11-14_1637\Famiglia Martiny\Audio\2025 - 07 - 31 TUCCI-Archivio Martiny Campi descrittivi per la catalogazione.pdf,2025 - 07 - 31 TUCCI-Archivio Martiny Campi descrittivi per la catalogazione.pdf,pdf_document,.pdf,218.98828125,Audio
C:\Users\wel\Desktop\OPV\wetransfer_famiglia-martiny_2025-11-14_1637\Famiglia Martiny\Audio\20250919_140114.wav,20250919_140114.wav,other,.wav,114892.16796875,Audio
C:\Users\wel\Desktop\OPV\wetransfer_famiglia-martiny_2025-11-14_1637\Famiglia Martiny\Audio\20250919_140912.wav,20250919_140912.wav,other,.wav,101819.66796875,Audio
C:\Users\wel\Desktop\OPV\wetransfer_famiglia-martiny_2025-11-14_1637\Famiglia Martiny\Audio\20250919_142258.wav,20250919_142258.wav,other,.wav,68165.29296875,Audio
C:\Users\wel\Desktop\OPV\wetransfer_famiglia-martiny_2025-11-14_1637\Famiglia Martiny\Audio\20250919_142753.wav,20250919_142753.wav,other,.wav,34758.41796875,Audio
C:\Users\wel\Desktop\OPV\wetransfer_famiglia-martiny_2025-11-14_1637\Famiglia Martiny\Audio\20250919_143209.wav,20250919_143209.wav,other,.wav,128302.16796875,Audio
C:\Users\wel\Desktop\OPV\wetransfer_famiglia-martiny_2025-11-14_1637\Famiglia Martiny\Contributi storici\2024 - 05 - 20 TUCCI_Martiny_ Alle origini della Superga_Quaderno CDS_N10_2007.pdf,2024 - 05 - 20 TUCCI_Martiny_ Alle origini della Superga_Quaderno CDS_N10_2007.pdf,pdf_document,.pdf,4649.861328125,Contributi storici
C:\Users\wel\Desktop\OPV\wetransfer_famiglia-martiny_2025-11-14_1637\Famiglia Martiny\Contributi storici\2025 - 10 - 17 articolo di giornalista conoscente di Roberto sulla famiglia Martiny.pdf,2025 - 10 - 17 articolo di giornalista conoscente di Roberto sulla famiglia Martiny.pdf,pdf_document,.pdf,6152.7861328125,Contributi storici
C:\Users\wel\Desktop\OPV\wetransfer_famiglia-martiny_2025-11-14_1637\Famiglia Martiny\Contributi storici\2025 - 10 - 17 Biografdia di Francesco Martiny - Società per la cremazione.pdf,2025 - 10 - 17 Biografdia di Francesco Martiny - Società per la cremazione.pdf,pdf_document,.pdf,504.9599609375,Contributi storici
C:\Users\wel\Desktop\OPV\wetransfer_famiglia-martiny_2025-11-14_1637\Famiglia Martiny\Contributi storici\2025 - 10 - 18 8_2018_decreto_tutela_verolengo28 ex stabilimento Superga Martiny.pdf,2025 - 10 - 18 8_2018_decreto_tutela_verolengo28 ex stabilimento Superga Martiny.pdf,pdf_document,.pdf,440.7998046875,Contributi storici
C:\Users\wel\Desktop\OPV\wetransfer_famiglia-martiny_2025-11-14_1637\Famiglia Martiny\Contributi storici\2025 - 10 - 18 commissione parlamentare d_inchiesta su uso di amianto e martinite nella marina militare.pdf,2025 - 10 - 18 commissione parlamentare d_inchiesta su uso di amianto e martinite nella marina militare.pdf,pdf_document,.pdf,653.84765625,Contributi storici
C:\Users\wel\Desktop\OPV\wetransfer_famiglia-martiny_2025-11-14_1637\Famiglia Martiny\Contributi storici\2025 - 10 -17 la loggia Cavour di Enrico Miletto - Tra i fondatori Francesco Martiny.pdf,2025 - 10 -17 la loggia Cavour di Enrico Miletto - Tra i fondatori Francesco Martiny.pdf,pdf_document,.pdf,1863.7119140625,Contributi storici
"C:\Users\wel\Desktop\OPV\wetransfer_famiglia-martiny_2025-11-14_1637\Famiglia Martiny\Documenti, certificati, lettere\Handelshochschule_diploma.JPG",Handelshochschule_diploma.JPG,document,.jpg,7895.4697265625,"Documenti, certificati, lettere"
"C:\Users\wel\Desktop\OPV\wetransfer_famiglia-martiny_2025-11-14_1637\Famiglia Martiny\Documenti, certificati, lettere\Handelshochschule_pag1-4.JPG",Handelshochschule_pag1-4.JPG,document,.jpg,8864.0,"Documenti, certificati, lettere"
"C:\Users\wel\Desktop\OPV\wetransfer_famiglia-martiny_2025-11-14_1637\Famiglia Martiny\Documenti, certificati, lettere\Handelshochschule_pag2-3.JPG",Handelshochschule_pag2-3.JPG,document,.jpg,9408.0,"Documenti, certificati, lettere"
"C:\Users\wel\Desktop\OPV\wetransfer_famiglia-martiny_2025-11-14_1637\Famiglia Martiny\Documenti, certificati, lettere\Martiny doc005.jpg",Martiny doc005.jpg,document,.jpg,6721.5234375,"Documenti, certificati, lettere"
"C:\Users\wel\Desktop\OPV\wetransfer_famiglia-martiny_2025-11-14_1637\Famiglia Martiny\Documenti, certificati, lettere\Martiny doc010.jpg",Martiny doc010.jpg,document,.jpg,5568.7724609375,"Documenti, certificati, lettere"
"C:\Users\wel\Desktop\OPV\wetransfer_famiglia-martiny_2025-11-14_1637\Famiglia Martiny\Documenti, certificati, lettere\Martiny doc053.jpg",Martiny doc053.jpg,document,.jpg,4764.55078125,"Documenti, certificati, lettere"
"C:\Users\wel\Desktop\OPV\wetransfer_famiglia-martiny_2025-11-14_1637\Famiglia Martiny\Documenti, certificati, lettere\Martiny doc_cartolina A_fronte.jpg",Martiny doc_cartolina A_fronte.jpg,document,.jpg,1429.21875,"Documenti, certificati, lettere"
"C:\Users\wel\Desktop\OPV\wetransfer_famiglia-martiny_2025-11-14_1637\Famiglia Martiny\Documenti, certificati, lettere\Martiny doc_cartolina A_retro.jpg",Martiny doc_cartolina A_retro.jpg,document,.jpg,1551.3369140625,"Documenti, certificati, lettere"
"C:\Users\wel\Desktop\OPV\wetransfer_famiglia-martiny_2025-11-14_1637\Famiglia Martiny\Documenti, certificati, lettere\Martiny doc_cartolina B_fronte.jpg",Martiny doc_cartolina B_fronte.jpg,document,.jpg,1908.6435546875,"Documenti, certificati, lettere"
"C:\Users\wel\Desktop\OPV\wetransfer_famiglia-martiny_2025-11-14_1637\Famiglia Martiny\Documenti, certificati, lettere\Martiny doc_cartolina B_retro.jpg",Martiny doc_cartolina B_retro.jpg,document,.jpg,1993.3740234375,"Documenti, certificati, lettere"
"C:\Users\wel\Desktop\OPV\wetransfer_famiglia-martiny_2025-11-14_1637\Famiglia Martiny\Documenti, certificati, lettere\Martiny doc_cartolina C_fronte.jpg",Martiny doc_cartolina C_fronte.jpg,document,.jpg,2628.576171875,"Documenti, certificati, lettere"
"C:\Users\wel\Desktop\OPV\wetransfer_famiglia-martiny_2025-11-14_1637\Famiglia Martiny\Documenti, certificati, lettere\Martiny doc_cartolina C_retro.jpg",Martiny doc_cartolina C_retro.jpg,document,.jpg,1659.9111328125,"Documenti, certificati, lettere"
"C:\Users\wel\Desktop\OPV\wetransfer_famiglia-martiny_2025-11-14_1637\Famiglia Martiny\Documenti, certificati, lettere\Martiny doc_cavaliere pag1.jpg",Martiny doc_cavaliere pag1.jpg,document,.jpg,6612.421875,"Documenti, certificati, lettere"
"C:\Users\wel\Desktop\OPV\wetransfer_famiglia-martiny_2025-11-14_1637\Famiglia Martiny\Documenti, certificati, lettere\Martiny doc_cavaliere pag2.jpg",Martiny doc_cavaliere pag2.jpg,document,.jpg,5132.7802734375,"Documenti, certificati, lettere"
"C:\Users\wel\Desktop\OPV\wetransfer_famiglia-martiny_2025-11-14_1637\Famiglia Martiny\Documenti, certificati, lettere\Martiny doc_cavaliere pag3.jpg",Martiny doc_cavaliere pag3.jpg,document,.jpg,4774.115234375,"Documenti, certificati, lettere"
"C:\Users\wel\Desktop\OPV\wetransfer_famiglia-martiny_2025-11-14_1637\Famiglia Martiny\Documenti, certificati, lettere\Martiny doc_cavaliere pag4.jpg",Martiny doc_cavaliere pag4.jpg,document,.jpg,2877.00390625,"Documenti, certificati, lettere"
"C:\Users\wel\Desktop\OPV\wetransfer_famiglia-martiny_2025-11-14_1637\Famiglia Martiny\Documenti, certificati, lettere\Martiny doc_cavaliere pag5.jpg",Martiny doc_cavaliere pag5.jpg,document,.jpg,4908.962890625,"Documenti, certificati, lettere"
"C:\Users\wel\Desktop\OPV\wetransfer_famiglia-martiny_2025-11-14_1637\Famiglia Martiny\Documenti, certificati, lettere\Martiny doc_esercito pag1.jpg",Martiny doc_esercito pag1.jpg,document,.jpg,1835.525390625,"Documenti, certificati, lettere"
"C:\Users\wel\Desktop\OPV\wetransfer_famiglia-martiny_2025-11-14_1637\Famiglia Martiny\Documenti, certificati, lettere\Martiny doc_esercito pag2.jpg",Martiny doc_esercito pag2.jpg,document,.jpg,1380.64453125,"Documenti, certificati, lettere"
"C:\Users\wel\Desktop\OPV\wetransfer_famiglia-martiny_2025-11-14_1637\Famiglia Martiny\Documenti, certificati, lettere\Martiny doc_fattura_fronte.jpg",Martiny doc_fattura_fronte.jpg,document,.jpg,6682.6396484375,"Documenti, certificati, lettere"
"C:\Users\wel\Desktop\OPV\wetransfer_famiglia-martiny_2025-11-14_1637\Famiglia Martiny\Documenti, certificati, lettere\Martiny doc_fattura_retro.jpg",Martiny doc_fattura_retro.jpg,document,.jpg,5328.9169921875,"Documenti, certificati, lettere"
"C:\Users\wel\Desktop\OPV\wetransfer_famiglia-martiny_2025-11-14_1637\Famiglia Martiny\Documenti, certificati, lettere\_DSC7654.JPG",_DSC7654.JPG,document,.jpg,17672.1474609375,"Documenti, certificati, lettere"
"C:\Users\wel\Desktop\OPV\wetransfer_famiglia-martiny_2025-11-14_1637\Famiglia Martiny\Documenti, certificati, lettere\_DSC7725.JPG",_DSC7725.JPG,document,.jpg,9632.0,"Documenti, certificati, lettere"
C:\Users\wel\Desktop\OPV\wetransfer_famiglia-martiny_2025-11-14_1637\Famiglia Martiny\Fotografie di famiglia singole\IMG_8959.JPG,IMG_8959.JPG,single_photo,.jpg,1340.912109375,Fotografie di famiglia singole
C:\Users\wel\Desktop\OPV\wetransfer_famiglia-martiny_2025-11-14_1637\Famiglia Martiny\Fotografie di famiglia singole\IMG_8960.JPG,IMG_8960.JPG,single_photo,.jpg,1423.6904296875,Fotografie di famiglia singole
C:\Users\wel\Desktop\OPV\wetransfer_famiglia-martiny_2025-11-14_1637\Famiglia Martiny\Fotografie di famiglia singole\IMG_8961.JPG,IMG_8961.JPG,single_photo,.jpg,2282.5927734375,Fotografie di famiglia singole
C:\Users\wel\Desktop\OPV\wetransfer_famiglia-martiny_2025-11-14_1637\Famiglia Martiny\Fotografie di famiglia singole\IMG_8962.JPG,IMG_8962.JPG,single_photo,.jpg,2161.5673828125,Fotografie di famiglia singole
C:\Users\wel\Desktop\OPV\wetransfer_famiglia-martiny_2025-11-14_1637\Famiglia Martiny\Fotografie di famiglia singole\IMG_8963.JPG,IMG_8963.JPG,single_photo,.jpg,1499.7724609375,Fotografie di famiglia singole
C:\Users\wel\Desktop\OPV\wetransfer_famiglia-martiny_2025-11-14_1637\Famiglia Martiny\Fotografie di famiglia singole\IMG_8964.JPG,IMG_8964.JPG,single_photo,.jpg,1929.7509765625,Fotografie di famiglia singole
C:\Users\wel\Desktop\OPV\wetransfer_famiglia-martiny_2025-11-14_1637\Famiglia Martiny\Fotografie di famiglia singole\IMG_8965.JPG,IMG_8965.JPG,single_photo,.jpg,1532.5078125,Fotografie di famiglia singole
C:\Users\wel\Desktop\OPV\wetransfer_famiglia-martiny_2025-11-14_1637\Famiglia Martiny\Fotografie di famiglia singole\IMG_8966.JPG,IMG_8966.JPG,single_photo,.jpg,1567.4130859375,Fotografie di famiglia singole
C:\Users\wel\Desktop\OPV\wetransfer_famiglia-martiny_2025-11-14_1637\Famiglia Martiny\Fotografie di famiglia singole\IMG_8967.JPG,IMG_8967.JPG,single_photo,.jpg,1645.703125,Fotografie di famiglia singole
C:\Users\wel\Desktop\OPV\wetransfer_famiglia-martiny_2025-11-14_1637\Famiglia Martiny\Materiali commerciali\Ami Guarn_000.JPG,Ami Guarn_000.JPG,commercial,.jpg,2201.1943359375,Materiali commerciali
C:\Users\wel\Desktop\OPV\wetransfer_famiglia-martiny_2025-11-14_1637\Famiglia Martiny\Materiali commerciali\Ami Guarn_001.JPG,Ami Guarn_001.JPG,commercial,.jpg,1936.611328125,Materiali commerciali
C:\Users\wel\Desktop\OPV\wetransfer_famiglia-martiny_2025-11-14_1637\Famiglia Martiny\Materiali commerciali\Ami Guarn_002.JPG,Ami Guarn_002.JPG,commercial,.jpg,2170.8662109375,Materiali commerciali
C:\Users\wel\Desktop\OPV\wetransfer_famiglia-martiny_2025-11-14_1637\Famiglia Martiny\Materiali commerciali\Ami Guarn_003.JPG,Ami Guarn_003.JPG,commercial,.jpg,2085.1044921875,Materiali commerciali
C:\Users\wel\Desktop\OPV\wetransfer_famiglia-martiny_2025-11-14_1637\Famiglia Martiny\Materiali commerciali\Ami Guarn_004.JPG,Ami Guarn_004.JPG,commercial,.jpg,2096.7890625,Materiali commerciali
C:\Users\wel\Desktop\OPV\wetransfer_famiglia-martiny_2025-11-14_1637\Famiglia Martiny\Materiali commerciali\Ami Guarn_005.JPG,Ami Guarn_005.JPG,commercial,.jpg,1975.6279296875,Materiali commerciali
C:\Users\wel\Desktop\OPV\wetransfer_famiglia-martiny_2025-11-14_1637\Famiglia Martiny\Materiali commerciali\Ami Guarn_006.JPG,Ami Guarn_006.JPG,commercial,.jpg,1928.029296875,Materiali commerciali
C:\Users\wel\Desktop\OPV\wetransfer_famiglia-martiny_2025-11-14_1637\Famiglia Martiny\Materiali commerciali\Ami Guarn_007.JPG,Ami Guarn_007.JPG,commercial,.jpg,1977.8798828125,Materiali commerciali
C:\Users\wel\Desktop\OPV\wetransfer_famiglia-martiny_2025-11-14_1637\Famiglia Martiny\Materiali commerciali\Ami Guarn_008.JPG,Ami Guarn_008.JPG,commercial,.jpg,2038.001953125,Materiali commerciali
C:\Users\wel\Desktop\OPV\wetransfer_famiglia-martiny_2025-11-14_1637\Famiglia Martiny\Materiali commerciali\Ami Guarn_009.JPG,Ami Guarn_009.JPG,commercial,.jpg,2013.2587890625,Materiali commerciali
C:\Users\wel\Desktop\OPV\wetransfer_famiglia-martiny_2025-11-14_1637\Famiglia Martiny\Materiali commerciali\Ami Guarn_010.JPG,Ami Guarn_010.JPG,commercial,.jpg,1442.6357421875,Materiali commerciali
C:\Users\wel\Desktop\OPV\wetransfer_famiglia-martiny_2025-11-14_1637\Famiglia Martiny\Materiali commerciali\Ami Guarn_011.JPG,Ami Guarn_011.JPG,commercial,.jpg,2068.611328125,Materiali commerciali
C:\Users\wel\Desktop\OPV\wetransfer_famiglia-martiny_2025-11-14_1637\Famiglia Martiny\Materiali commerciali\AmiantoGomma_000.JPG,AmiantoGomma_000.JPG,commercial,.jpg,1641.875,Materiali commerciali
C:\Users\wel\Desktop\OPV\wetransfer_famiglia-martiny_2025-11-14_1637\Famiglia Martiny\Materiali commerciali\AmiantoGomma_001.JPG,AmiantoGomma_001.JPG,commercial,.jpg,2481.5263671875,Materiali commerciali
C:\Users\wel\Desktop\OPV\wetransfer_famiglia-martiny_2025-11-14_1637\Famiglia Martiny\Materiali commerciali\AmiantoGomma_002.JPG,AmiantoGomma_002.JPG,commercial,.jpg,2328.7490234375,Materiali commerciali
C:\Users\wel\Desktop\OPV\wetransfer_famiglia-martiny_2025-11-14_1637\Famiglia Martiny\Materiali commerciali\AmiantoGomma_003.JPG,AmiantoGomma_003.JPG,commercial,.jpg,2395.3359375,Materiali commerciali
C:\Users\wel\Desktop\OPV\wetransfer_famiglia-martiny_2025-11-14_1637\Famiglia Martiny\Materiali commerciali\AmiantoGomma_004.JPG,AmiantoGomma_004.JPG,commercial,.jpg,2196.7001953125,Materiali commerciali
C:\Users\wel\Desktop\OPV\wetransfer_famiglia-martiny_2025-11-14_1637\Famiglia Martiny\Materiali commerciali\AmiantoGomma_005.JPG,AmiantoGomma_005.JPG,commercial,.jpg,2236.6005859375,Materiali commerciali
C:\Users\wel\Desktop\OPV\wetransfer_famiglia-martiny_2025-11-14_1637\Famiglia Martiny\Materiali commerciali\AmiantoGomma_006.JPG,AmiantoGomma_006.JPG,commercial,.jpg,2219.1064453125,Materiali commerciali
C:\Users\wel\Desktop\OPV\wetransfer_famiglia-martiny_2025-11-14_1637\Famiglia Martiny\Materiali commerciali\AmiantoGomma_007.JPG,AmiantoGomma_007.JPG,commercial,.jpg,2281.3037109375,Materiali commerciali
C:\Users\wel\Desktop\OPV\wetransfer_famiglia-martiny_2025-11-14_1637\Famiglia Martiny\Materiali commerciali\Amianto_A_000.JPG,Amianto_A_000.JPG,commercial,.jpg,1767.1171875,Materiali commerciali
C:\Users\wel\Desktop\OPV\wetransfer_famiglia-martiny_2025-11-14_1637\Famiglia Martiny\Materiali commerciali\Amianto_A_001.JPG,Amianto_A_001.JPG,commercial,.jpg,1612.4130859375,Materiali commerciali
C:\Users\wel\Desktop\OPV\wetransfer_famiglia-martiny_2025-11-14_1637\Famiglia Martiny\Materiali commerciali\Amianto_A_002.JPG,Amianto_A_002.JPG,commercial,.jpg,1738.267578125,Materiali commerciali
C:\Users\wel\Desktop\OPV\wetransfer_famiglia-martiny_2025-11-14_1637\Famiglia Martiny\Materiali commerciali\Amianto_A_003.JPG,Amianto_A_003.JPG,commercial,.jpg,1765.498046875,Materiali commerciali
C:\Users\wel\Desktop\OPV\wetransfer_famiglia-martiny_2025-11-14_1637\Famiglia Martiny\Materiali commerciali\Amianto_A_004.JPG,Amianto_A_004.JPG,commercial,.jpg,1761.7587890625,Materiali commerciali
C:\Users\wel\Desktop\OPV\wetransfer_famiglia-martiny_2025-11-14_1637\Famiglia Martiny\Materiali commerciali\Amianto_A_005.JPG,Amianto_A_005.JPG,commercial,.jpg,1371.64453125,Materiali commerciali
C:\Users\wel\Desktop\OPV\wetransfer_famiglia-martiny_2025-11-14_1637\Famiglia Martiny\Materiali commerciali\Martiny doc_cinghe Leone pag1-4.JPG,Martiny doc_cinghe Leone pag1-4.JPG,commercial,.jpg,10656.0,Materiali commerciali
C:\Users\wel\Desktop\OPV\wetransfer_famiglia-martiny_2025-11-14_1637\Famiglia Martiny\Materiali commerciali\Martiny doc_cinghe Leone pag2-3.JPG,Martiny doc_cinghe Leone pag2-3.JPG,commercial,.jpg,11328.0,Materiali commerciali
C:\Users\wel\Desktop\OPV\wetransfer_famiglia-martiny_2025-11-14_1637\Famiglia Martiny\Materiali pubblicitari\129653_002.jpeg,129653_002.jpeg,commercial,.jpeg,20.33984375,Materiali pubblicitari
C:\Users\wel\Desktop\OPV\wetransfer_famiglia-martiny_2025-11-14_1637\Famiglia Martiny\Materiali pubblicitari\83350_ca_object_representations_media_24166_large.png,83350_ca_object_representations_media_24166_large.png,commercial,.png,1278.75390625,Materiali pubblicitari
C:\Users\wel\Desktop\OPV\wetransfer_famiglia-martiny_2025-11-14_1637\Famiglia Martiny\Materiali pubblicitari\cappiello-leonetto-bandages-pleins-titano-walter-martiny-2xf94f5.jpg,cappiello-leonetto-bandages-pleins-titano-walter-martiny-2xf94f5.jpg,commercial,.jpg,139.169921875,Materiali pubblicitari
C:\Users\wel\Desktop\OPV\wetransfer_famiglia-martiny_2025-11-14_1637\Famiglia Martiny\Materiali pubblicitari\locandina-con-cornice-societa-walter-martiny-industria-gomma-torino.jpg,locandina-con-cornice-societa-walter-martiny-industria-gomma-torino.jpg,commercial,.jpg,10.9560546875,Materiali pubblicitari
C:\Users\wel\Desktop\OPV\wetransfer_famiglia-martiny_2025-11-14_1637\Famiglia Martiny\Materiali pubblicitari\marchio-superga-001.jpg,marchio-superga-001.jpg,commercial,.jpg,74.642578125,Materiali pubblicitari
C:\Users\wel\Desktop\OPV\wetransfer_famiglia-martiny_2025-11-14_1637\Famiglia Martiny\Materiali pubblicitari\marchio-superga-002.jpg,marchio-superga-002.jpg,commercial,.jpg,178.8427734375,Materiali pubblicitari
C:\Users\wel\Desktop\OPV\wetransfer_famiglia-martiny_2025-11-14_1637\Famiglia Martiny\Materiali pubblicitari\marchio-superga-004.jpg,marchio-superga-004.jpg,commercial,.jpg,96.0556640625,Materiali pubblicitari
C:\Users\wel\Desktop\OPV\wetransfer_famiglia-martiny_2025-11-14_1637\Famiglia Martiny\Materiali pubblicitari\marchio-superga-005.jpg,marchio-superga-005.jpg,commercial,.jpg,51.6171875,Materiali pubblicitari
C:\Users\wel\Desktop\OPV\wetransfer_famiglia-martiny_2025-11-14_1637\Famiglia Martiny\Materiali pubblicitari\marchio-superga-006.jpg,marchio-superga-006.jpg,commercial,.jpg,140.0712890625,Materiali pubblicitari
C:\Users\wel\Desktop\OPV\wetransfer_famiglia-martiny_2025-11-14_1637\Famiglia Martiny\Materiali pubblicitari\marchio-superga-007.jpg,marchio-superga-007.jpg,commercial,.jpg,75.0986328125,Materiali pubblicitari
C:\Users\wel\Desktop\OPV\wetransfer_famiglia-martiny_2025-11-14_1637\Famiglia Martiny\Materiali pubblicitari\marchio-superga-012.jpg,marchio-superga-012.jpg,commercial,.jpg,121.7900390625,Materiali pubblicitari
C:\Users\wel\Desktop\OPV\wetransfer_famiglia-martiny_2025-11-14_1637\Famiglia Martiny\Materiali pubblicitari\marchio-superga-014.jpg,marchio-superga-014.jpg,commercial,.jpg,142.33203125,Materiali pubblicitari
C:\Users\wel\Desktop\OPV\wetransfer_famiglia-martiny_2025-11-14_1637\Famiglia Martiny\Materiali pubblicitari\marchio-superga-019.jpg,marchio-superga-019.jpg,commercial,.jpg,188.10546875,Materiali pubblicitari
C:\Users\wel\Desktop\OPV\wetransfer_famiglia-martiny_2025-11-14_1637\Famiglia Martiny\Materiali pubblicitari\Martiny doc_cartolina C_fronte.jpg,Martiny doc_cartolina C_fronte.jpg,commercial,.jpg,2628.576171875,Materiali pubblicitari
C:\Users\wel\Desktop\OPV\wetransfer_famiglia-martiny_2025-11-14_1637\Famiglia Martiny\Materiali pubblicitari\superga-origini-500x325.jpg,superga-origini-500x325.jpg,commercial,.jpg,30.900390625,Materiali pubblicitari
C:\Users\wel\Desktop\OPV\wetransfer_famiglia-martiny_2025-11-14_1637\Famiglia Martiny\Materiali pubblicitari\unnamed.jpg,unnamed.jpg,commercial,.jpg,47.90234375,Materiali pubblicitari
C:\Users\wel\Desktop\OPV\wetransfer_famiglia-martiny_2025-11-14_1637\Famiglia Martiny\Tombe\Tomba Moriondo 3.png,Tomba Moriondo 3.png,image,.png,495.0302734375,Tombe
C:\Users\wel\Desktop\OPV\wetransfer_famiglia-martiny_2025-11-14_1637\Famiglia Martiny\Tombe\tomba Moriondo I.jpg,tomba Moriondo I.jpg,image,.jpg,102.205078125,Tombe
C:\Users\wel\Desktop\OPV\wetransfer_famiglia-martiny_2025-11-14_1637\Famiglia Martiny\Video\Perché le Superga sono famose a Torino_.mp4,Perché le Superga sono famose a Torino_.mp4,other,.mp4,10817.58203125,Video
